county_nce,county_name,uat_name,uat_siruta,report_version,report_stage_code,report_type_scope_code,report_type_category_code,report_type_code,created_at,a,a1,a2,a3,a4,b,b1,b2,b3,b4,c,d,e,f,g1.1,g1.2,g1.3,g4,"PARTIDUL MIȘCAREA POPULARĂ-voturi","PARTIDUL MIȘCAREA POPULARĂ-mandate-faza-1","PARTIDUL MIȘCAREA POPULARĂ-mandate-faza-2","PARTIDUL SOCIAL DEMOCRAT-voturi","PARTIDUL SOCIAL DEMOCRAT-mandate-faza-1","PARTIDUL SOCIAL DEMOCRAT-mandate-faza-2","PARTIDUL ALIANŢA LIBERALILOR ŞI DEMOCRAŢILOR – ALDE-voturi","PARTIDUL ALIANŢA LIBERALILOR ŞI DEMOCRAŢILOR – ALDE-mandate-faza-1","PARTIDUL ALIANŢA LIBERALILOR ŞI DEMOCRAŢILOR – ALDE-mandate-faza-2","PARTIDUL NAȚIONAL LIBERAL-voturi","PARTIDUL NAȚIONAL LIBERAL-mandate-faza-1","PARTIDUL NAȚIONAL LIBERAL-mandate-faza-2","PARTIDUL PRO ROMÂNIA-voturi","PARTIDUL PRO ROMÂNIA-mandate-faza-1","PARTIDUL PRO ROMÂNIA-mandate-faza-2","ALIANȚA UNIUNEA SALVAȚI ROMÂNIA PARTIDUL LIBERTATE UNITATE ȘI SOLIDARITATE (ALIANȚA USR PLUS)-voturi","ALIANȚA UNIUNEA SALVAȚI ROMÂNIA PARTIDUL LIBERTATE UNITATE ȘI SOLIDARITATE (ALIANȚA USR PLUS)-mandate-faza-1","ALIANȚA UNIUNEA SALVAȚI ROMÂNIA PARTIDUL LIBERTATE UNITATE ȘI SOLIDARITATE (ALIANȚA USR PLUS)-mandate-faza-2","ALIANȚA PENTRU UNIREA ROMÂNILOR-voturi","ALIANȚA PENTRU UNIREA ROMÂNILOR-mandate-faza-1","ALIANȚA PENTRU UNIREA ROMÂNILOR-mandate-faza-2","PÂCLEANU MARIN-voturi","PÂCLEANU MARIN-mandate-faza-1","PÂCLEANU MARIN-mandate-faza-2","PARTIDUL PRO ROMÂNIA-mandate-g9","PARTIDUL MIȘCAREA POPULARĂ-mandate-g9","PARTIDUL ALIANŢA LIBERALILOR ŞI DEMOCRAŢILOR – ALDE-mandate-g9","UNIUNEA SALVAȚI ROMÂNIA-voturi","UNIUNEA SALVAȚI ROMÂNIA-mandate-faza-1","UNIUNEA SALVAȚI ROMÂNIA-mandate-faza-2","ASOCIAȚIA PARTIDA ROMILOR “PRO-EUROPA”-voturi","ASOCIAȚIA PARTIDA ROMILOR “PRO-EUROPA”-mandate-faza-1","ASOCIAȚIA PARTIDA ROMILOR “PRO-EUROPA”-mandate-faza-2","PARTIDUL ADER LA DEMOCRAŢIE, EDUCAŢIE ŞI RECONSTRUCŢIE-voturi","PARTIDUL ADER LA DEMOCRAŢIE, EDUCAŢIE ŞI RECONSTRUCŢIE-mandate-faza-1","PARTIDUL ADER LA DEMOCRAŢIE, EDUCAŢIE ŞI RECONSTRUCŢIE-mandate-faza-2","PARTIDUL ADER LA DEMOCRAŢIE, EDUCAŢIE ŞI RECONSTRUCŢIE-mandate-g9","PARTIDUL LIBERTATE, UNITATE ȘI SOLIDARITATE-voturi","PARTIDUL LIBERTATE, UNITATE ȘI SOLIDARITATE-mandate-faza-1","PARTIDUL LIBERTATE, UNITATE ȘI SOLIDARITATE-mandate-faza-2","PARTIDUL LIBERTATE, UNITATE ȘI SOLIDARITATE-mandate-g9","PARTIDUL RE:START ROMÂNIA-voturi","PARTIDUL RE:START ROMÂNIA-mandate-faza-1","PARTIDUL RE:START ROMÂNIA-mandate-faza-2","GROSU ROMEO-voturi","GROSU ROMEO-mandate-faza-1","GROSU ROMEO-mandate-faza-2","ŞERBAN STELICĂ-voturi","ŞERBAN STELICĂ-mandate-faza-1","ŞERBAN STELICĂ-mandate-faza-2","PARTIDUL PUTERII UMANISTE (SOCIAL-LIBERAL)-voturi","PARTIDUL PUTERII UMANISTE (SOCIAL-LIBERAL)-mandate-faza-1","PARTIDUL PUTERII UMANISTE (SOCIAL-LIBERAL)-mandate-faza-2","BRĂTILĂ RĂZVAN-POMPILIU-voturi","BRĂTILĂ RĂZVAN-POMPILIU-mandate-faza-1","BRĂTILĂ RĂZVAN-POMPILIU-mandate-faza-2","ALIANȚA PSD-PRO RÂMNICU SĂRAT-voturi","ALIANȚA PSD-PRO RÂMNICU SĂRAT-mandate-faza-1","ALIANȚA PSD-PRO RÂMNICU SĂRAT-mandate-faza-2","PARTIDUL ECOLOGIST ROMÂN-voturi","PARTIDUL ECOLOGIST ROMÂN-mandate-faza-1","PARTIDUL ECOLOGIST ROMÂN-mandate-faza-2","GRAMA MARIANA-voturi","GRAMA MARIANA-mandate-faza-1","GRAMA MARIANA-mandate-faza-2","CONSTANTINESCU FLORIN-NICOLAE-voturi","CONSTANTINESCU FLORIN-NICOLAE-mandate-faza-1","CONSTANTINESCU FLORIN-NICOLAE-mandate-faza-2","PARTIDUL INIȚIATIVA PĂTÂRLAGELE-voturi","PARTIDUL INIȚIATIVA PĂTÂRLAGELE-mandate-faza-1","PARTIDUL INIȚIATIVA PĂTÂRLAGELE-mandate-faza-2","MARIN SORIN-voturi","MARIN SORIN-mandate-faza-1","MARIN SORIN-mandate-faza-2","PARTIDUL VERDE-voturi","PARTIDUL VERDE-mandate-faza-1","PARTIDUL VERDE-mandate-faza-2","BARDAŞ CORNELIU-RĂZVAN-voturi","BARDAŞ CORNELIU-RĂZVAN-mandate-faza-1","BARDAŞ CORNELIU-RĂZVAN-mandate-faza-2","PARTIDUL SOCIAL DEMOCRAT-mandate-g9","MARTAC VASILE-voturi","MARTAC VASILE-mandate-faza-1","MARTAC VASILE-mandate-faza-2","ILIE IONUŢ-VASILE-voturi","ILIE IONUŢ-VASILE-mandate-faza-1","ILIE IONUŢ-VASILE-mandate-faza-2","POŞIRCĂ CONSTANTIN-voturi","POŞIRCĂ CONSTANTIN-mandate-faza-1","POŞIRCĂ CONSTANTIN-mandate-faza-2"
10,BUZĂU,AMARU,44863,1,FINAL,UAT,CL,CL_CE,"2020-09-28 08:44:19",1883,1820,1,47,15,1148,1085,1,47,15,1067,81,2019,871,53,74,85,0,105,1,0,757,8,0,8,0,0,156,1,1,41,0,0,0,0,0,0,0,0,0,0,0,0,0,0,0,0,0,0,0,0,0,0,0,0,0,0,0,0,0,0,0,0,0,0,0,0,0,0,0,0,0,0,0,0,0,0,0,0,0,0,0,0,0,0,0,0,0,0,0,0,0,0,0,0,0,0,0,0,0,0,0,0,0,0,0,0,0
10,BUZĂU,BĂLĂCEANU,44989,1,FINAL,UAT,CL,CL_CE,"2020-09-28 07:10:09",1328,1152,0,62,114,1019,843,0,62,114,933,61,1377,358,46,65,74,84,83,0,1,447,5,1,19,0,0,346,4,0,38,0,0,0,0,0,0,0,0,0,0,0,0,0,0,0,0,0,0,0,0,0,0,0,0,0,0,0,0,0,0,0,0,0,0,0,0,0,0,0,0,0,0,0,0,0,0,0,0,0,0,0,0,0,0,0,0,0,0,0,0,0,0,0,0,0,0,0,0,0,0,0,0,0,0,0,0,0
10,BUZĂU,"BALTA ALBĂ",44934,1,FINAL,UAT,CL,CL_CE,"2020-09-28 10:30:34",2054,1758,2,218,76,1673,1378,1,218,76,1552,121,2171,498,77,108,124,137,708,5,0,680,4,1,0,0,0,43,0,0,121,0,1,0,0,0,0,0,0,0,0,0,0,0,0,0,0,0,0,0,0,0,0,0,0,0,0,0,0,0,0,0,0,0,0,0,0,0,0,0,0,0,0,0,0,0,0,0,0,0,0,0,0,0,0,0,0,0,0,0,0,0,0,0,0,0,0,0,0,0,0,0,0,0,0,0,0,0
10,BUZĂU,BECENI,45003,1,FINAL,UAT,CL,CL_CE,"2020-09-28 07:47:33",3730,3496,1,178,55,2503,2269,1,178,55,2359,144,3925,1421,117,165,188,162,53,0,0,1081,6,1,51,0,0,1032,6,0,50,0,0,63,0,0,29,0,0,0,0,0,0,0,0,0,0,0,0,0,0,0,0,0,0,0,0,0,0,0,0,0,0,0,0,0,0,0,0,0,0,0,0,0,0,0,0,0,0,0,0,0,0,0,0,0,0,0,0,0,0,0,0,0,0,0,0,0,0,0,0,0,0,0,0,0,0,0
10,BUZĂU,BERCA,45101,1,FINAL,UAT,CL,CL_CE,"2020-09-28 04:28:36",7242,7146,1,90,5,3694,3598,1,90,5,3573,121,8000,4306,178,250,285,200,155,0,0,2600,13,0,75,0,0,402,2,0,162,0,0,179,0,0,0,0,0,0,0,0,0,0,0,0,0,0,0,0,0,0,0,0,0,0,0,0,0,0,0,0,0,0,0,0,0,0,0,0,0,0,0,0,0,0,0,0,0,0,0,0,0,0,0,0,0,0,0,0,0,0,0,0,0,0,0,0,0,0,0,0,0,0,0,0,0,0
10,BUZĂU,BISOCA,45245,1,FINAL,UAT,CL,CL_CE,"2020-09-28 03:54:19",1977,1958,0,19,0,863,844,0,19,0,761,102,2184,1321,38,53,60,69,0,0,0,711,10,0,50,0,1,0,0,0,0,0,0,0,0,0,0,0,0,0,0,0,0,0,0,0,0,0,0,0,0,0,0,0,0,0,0,0,0,0,0,0,0,0,0,0,0,0,0,0,0,0,0,0,0,0,0,0,0,0,0,0,0,0,0,0,0,0,0,0,0,0,0,0,0,0,0,0,0,0,0,0,0,0,0,0,0,0
10,BUZĂU,BLĂJANI,45334,1,FINAL,UAT,CL,CL_CE,"2020-09-28 04:05:04",858,760,1,42,55,703,605,1,42,55,621,50,898,227,31,43,49,69,0,0,0,477,6,1,0,0,0,31,0,0,113,1,1,0,0,0,0,0,0,0,0,0,0,0,0,0,0,0,0,0,0,0,0,0,0,0,0,0,0,0,0,0,0,0,0,0,0,0,0,0,0,0,0,0,0,0,0,0,0,0,0,0,0,0,0,0,0,0,0,0,0,0,0,0,0,0,0,0,0,0,0,0,0,0,0,0,0,0
10,BUZĂU,BOLDU,45361,1,FINAL,UAT,CL,CL_CE,"2020-09-28 04:01:19",1786,1692,0,17,77,1188,1096,0,17,75,1127,61,1955,767,56,78,90,98,283,2,1,740,7,1,0,0,0,35,0,0,6,0,0,0,0,0,0,0,0,63,0,0,0,0,0,0,0,0,0,0,0,0,0,0,0,0,0,0,0,0,0,0,0,0,0,0,0,0,0,0,0,0,0,0,0,0,0,0,0,0,0,0,0,0,0,0,0,0,0,0,0,0,0,0,0,0,0,0,0,0,0,0,0,0,0,0,0,0
10,BUZĂU,BOZIORU,45389,1,FINAL,UAT,CL,CL_CE,"2020-09-28 06:23:36",869,755,1,97,16,654,540,1,97,16,553,66,857,238,27,38,44,61,159,2,1,159,2,0,29,0,0,45,0,1,161,2,1,0,0,0,0,0,0,0,0,0,0,0,0,0,0,0,0,0,0,0,0,0,0,0,0,0,0,0,0,0,0,0,0,0,0,0,0,0,0,0,0,0,0,0,0,0,0,0,0,0,0,0,0,0,0,0,0,0,0,0,0,0,0,0,0,0,0,0,0,0,0,0,0,0,0,0
10,BUZĂU,BRĂDEANU,45496,1,FINAL,UAT,CL,CL_CE,"2020-09-28 04:34:35",1957,1916,0,39,2,1204,1163,0,39,2,1105,99,2121,917,55,77,88,93,33,0,0,500,5,0,67,0,1,465,5,0,40,0,0,0,0,0,0,0,0,0,0,0,0,0,0,0,0,0,0,0,0,0,0,0,0,0,0,0,0,0,0,0,0,0,0,0,0,0,0,0,0,0,0,0,0,0,0,0,0,0,0,0,0,0,0,0,0,0,0,0,0,0,0,0,0,0,0,0,0,0,0,0,0,0,0,0,0,0
10,BUZĂU,BRĂEŞTI,45539,1,FINAL,UAT,CL,CL_CE,"2020-09-28 10:00:02",1720,1666,0,8,46,1137,1087,0,8,42,1010,127,1893,756,50,70,80,85,132,1,0,607,7,0,28,0,0,54,0,1,143,1,1,46,0,0,0,0,0,0,0,0,0,0,0,0,0,0,0,0,0,0,0,0,0,0,0,0,0,0,0,0,0,0,0,0,0,0,0,0,0,0,0,0,0,0,0,0,0,0,0,0,0,0,0,0,0,0,0,0,0,0,0,0,0,0,0,0,0,0,0,0,0,0,0,0,0,0
10,BUZĂU,BREAZA,45619,1,FINAL,UAT,CL,CL_CE,"2020-09-28 05:33:37",2117,2095,0,21,1,1235,1213,0,21,1,1127,106,2303,1070,56,78,90,94,308,3,0,575,6,0,0,0,0,158,1,1,22,0,0,64,0,0,0,0,0,0,0,0,0,0,0,0,0,0,0,0,0,0,0,0,0,0,0,0,0,0,0,0,0,0,0,0,0,0,0,0,0,0,0,0,0,0,0,0,0,0,0,0,0,0,0,0,0,0,0,0,0,0,0,0,0,0,0,0,0,0,0,0,0,0,0,0,0,0
10,BUZĂU,BUDA,45673,1,FINAL,UAT,CL,CL_CE,"2020-09-28 06:26:28",2137,2033,0,24,80,1512,1408,0,24,80,1412,100,2568,1056,70,98,112,128,336,2,1,842,6,0,0,0,0,118,0,1,116,0,1,0,0,0,0,0,0,0,0,0,0,0,0,0,0,0,0,0,0,0,0,0,0,0,0,0,0,0,0,0,0,0,0,0,0,0,0,0,0,0,0,0,0,0,0,0,0,0,0,0,0,0,0,0,0,0,0,0,0,0,0,0,0,0,0,0,0,0,0,0,0,0,0,0,0,0
10,BUZĂU,CALVINI,45753,1,FINAL,UAT,CL,CL_CE,"2020-09-28 13:33:10",3635,3398,0,148,89,2379,2144,0,148,87,2191,188,3874,1434,109,153,175,145,64,0,0,572,3,1,44,0,0,616,4,0,10,0,0,0,0,0,0,0,0,0,0,0,0,0,0,155,1,0,237,1,1,49,0,0,0,92,0,0,0,306,2,0,46,0,0,0,0,0,0,0,0,0,0,0,0,0,0,0,0,0,0,0,0,0,0,0,0,0,0,0,0,0,0,0,0,0,0,0,0,0,0,0,0,0,0,0,0,0
10,BUZĂU,CĂNEŞTI,45888,1,FINAL,UAT,CL,CL_CE,"2020-09-28 02:53:21",600,550,0,3,47,399,349,0,3,47,371,28,660,261,18,25,29,39,64,1,1,269,6,1,0,0,0,13,0,0,25,0,0,0,0,0,0,0,0,0,0,0,0,0,0,0,0,0,0,0,0,0,0,0,0,0,0,0,0,0,0,0,0,0,0,0,0,0,0,0,0,0,0,0,0,0,0,0,0,0,0,0,0,0,0,0,0,0,0,0,0,0,0,0,0,0,0,0,0,0,0,0,0,0,0,0,0,0
10,BUZĂU,"C.A. ROSETTI",45815,1,FINAL,UAT,CL,CL_CE,"2020-09-28 10:02:12",2893,2856,0,37,0,1779,1742,0,37,0,1621,158,3140,1361,81,113,129,124,165,1,0,433,3,1,277,2,0,357,2,1,389,3,0,0,0,0,0,0,0,0,0,0,0,0,0,0,0,0,0,0,0,0,0,0,0,0,0,0,0,0,0,0,0,0,0,0,0,0,0,0,0,0,0,0,0,0,0,0,0,0,0,0,0,0,0,0,0,0,0,0,0,0,0,0,0,0,0,0,0,0,0,0,0,0,0,0,0,0
10,BUZĂU,CĂTINA,45959,1,FINAL,UAT,CL,CL_CE,"2020-09-28 04:48:30",2087,1860,0,147,80,1445,1218,0,147,80,1379,66,2155,710,68,96,110,125,0,0,0,694,5,0,0,0,0,601,4,1,84,0,1,0,0,0,0,0,0,0,0,0,0,0,0,0,0,0,0,0,0,0,0,0,0,0,0,0,0,0,0,0,0,0,0,0,0,0,0,0,0,0,0,0,0,0,0,0,0,0,0,0,0,0,0,0,0,0,0,0,0,0,0,0,0,0,0,0,0,0,0,0,0,0,0,0,0,0
10,BUZĂU,CERNĂTEŞTI,46019,1,FINAL,UAT,CL,CL_CE,"2020-09-28 07:37:59",3051,3006,2,26,17,1629,1586,0,26,17,1553,74,3359,1730,77,108,124,119,172,1,0,783,6,1,0,0,0,211,1,1,255,2,0,132,1,0,0,0,0,0,0,0,0,0,0,0,0,0,0,0,0,0,0,0,0,0,0,0,0,0,0,0,0,0,0,0,0,0,0,0,0,0,0,0,0,0,0,0,0,0,0,0,0,0,0,0,0,0,0,0,0,0,0,0,0,0,0,0,0,0,0,0,0,0,0,0,0,0
10,BUZĂU,CHILIILE,46108,1,FINAL,UAT,CL,CL_CE,"2020-09-28 00:14:05",429,408,0,3,18,295,274,0,3,18,273,22,470,175,13,19,21,30,0,0,0,273,9,0,0,0,0,0,0,0,0,0,0,0,0,0,0,0,0,0,0,0,0,0,0,0,0,0,0,0,0,0,0,0,0,0,0,0,0,0,0,0,0,0,0,0,0,0,0,0,0,0,0,0,0,0,0,0,0,0,0,0,0,0,0,0,0,0,0,0,0,0,0,0,0,0,0,0,0,0,0,0,0,0,0,0,0,0
10,BUZĂU,CHIOJDU,46180,1,FINAL,UAT,CL,CL_CE,"2020-09-28 06:19:25",2722,2560,2,36,124,1773,1614,0,36,123,1678,95,2904,1131,83,117,134,114,0,0,0,756,6,1,51,0,0,730,6,0,41,0,0,100,0,0,0,0,0,0,0,0,0,0,0,0,0,0,0,0,0,0,0,0,0,0,0,0,0,0,0,0,0,0,0,0,0,0,0,0,0,0,0,0,0,0,0,0,0,0,0,0,0,0,0,0,0,0,0,0,0,0,0,0,0,0,0,0,0,0,0,0,0,0,0,0,0,0
10,BUZĂU,CILIBIA,46251,1,FINAL,UAT,CL,CL_CE,"2020-09-28 07:07:22",1488,1414,1,8,65,1054,981,0,8,65,1005,49,1626,572,50,70,80,85,184,2,0,393,4,1,0,0,0,109,1,0,259,3,0,38,0,0,0,0,0,0,0,0,0,0,0,0,0,0,0,0,0,0,0,0,0,0,0,0,0,22,0,0,0,0,0,0,0,0,0,0,0,0,0,0,0,0,0,0,0,0,0,0,0,0,0,0,0,0,0,0,0,0,0,0,0,0,0,0,0,0,0,0,0,0,0,0,0,0
10,BUZĂU,CISLĂU,46313,1,FINAL,UAT,CL,CL_CE,"2020-09-28 07:15:07",3825,3707,0,54,64,2308,2190,0,54,64,2209,99,4128,1820,110,154,176,165,149,0,1,1481,8,1,62,0,0,319,1,1,198,1,0,0,0,0,0,0,0,0,0,0,0,0,0,0,0,0,0,0,0,0,0,0,0,0,0,0,0,0,0,0,0,0,0,0,0,0,0,0,0,0,0,0,0,0,0,0,0,0,0,0,0,0,0,0,0,0,0,0,0,0,0,0,0,0,0,0,0,0,0,0,0,0,0,0,0,0
10,BUZĂU,COCHIRLEANCA,46377,1,FINAL,UAT,CL,CL_CE,"2020-09-28 22:10:12",4375,4303,2,41,29,2720,2650,0,41,29,2527,193,4755,2035,126,176,202,168,558,3,0,521,3,0,150,0,1,796,4,1,484,2,1,18,0,0,0,0,0,0,0,0,0,0,0,0,0,0,0,0,0,0,0,0,0,0,0,0,0,0,0,0,0,0,0,0,0,0,0,0,0,0,0,0,0,0,0,0,0,0,0,0,0,0,0,0,0,0,0,0,0,0,0,0,0,0,0,0,0,0,0,0,0,0,0,0,0,0
10,BUZĂU,COLŢI,46439,1,FINAL,UAT,CL,CL_CE,"2020-09-28 05:58:56",886,799,0,67,20,688,603,0,67,18,639,49,1168,291,31,44,51,0,234,3,0,217,3,0,51,0,1,58,0,1,46,0,1,33,0,0,0,0,0,0,0,0,0,0,0,0,0,0,0,0,0,0,0,0,0,0,0,0,0,0,0,0,0,0,0,0,0,0,0,0,0,0,0,0,0,0,0,0,0,0,0,0,0,0,0,0,0,0,0,0,0,0,0,0,0,0,0,0,0,0,0,0,0,0,0,0,0,0
10,BUZĂU,COSTEŞTI,46484,1,FINAL,UAT,CL,CL_CE,"2020-09-28 09:52:09",4053,4008,5,40,0,2363,2323,0,40,0,2229,134,4425,2062,111,156,178,161,123,0,1,1074,6,1,36,0,0,430,2,0,473,2,1,33,0,0,0,0,0,0,0,0,0,0,0,0,0,0,0,0,0,0,0,0,0,0,0,0,0,0,0,0,0,0,0,60,0,0,0,0,0,0,0,0,0,0,0,0,0,0,0,0,0,0,0,0,0,0,0,0,0,0,0,0,0,0,0,0,0,0,0,0,0,0,0,0,0,0
10,BUZĂU,COZIENI,46554,1,FINAL,UAT,CL,CL_CE,"2020-09-28 05:19:02",1665,1564,0,94,7,930,829,0,94,7,881,49,1741,811,44,61,70,80,85,1,0,645,8,0,0,0,0,151,1,1,0,0,0,0,0,0,0,0,0,0,0,0,0,0,0,0,0,0,0,0,0,0,0,0,0,0,0,0,0,0,0,0,0,0,0,0,0,0,0,0,0,0,0,0,0,0,0,0,0,0,0,0,0,0,0,0,0,0,0,0,0,0,0,0,0,0,0,0,0,0,0,0,0,0,0,0,0,0
10,BUZĂU,FLORICA,50564,1,FINAL,UAT,CL,CL_CE,"2020-09-28 03:53:40",1069,1015,1,29,24,717,663,1,29,24,667,50,1143,426,33,46,53,70,0,0,0,481,6,1,32,0,0,107,1,0,47,0,1,0,0,0,0,0,0,0,0,0,0,0,0,0,0,0,0,0,0,0,0,0,0,0,0,0,0,0,0,0,0,0,0,0,0,0,0,0,0,0,0,0,0,0,0,0,0,0,0,0,0,0,0,0,0,0,0,0,0,0,0,0,0,0,0,0,0,0,0,0,0,0,0,0,0,0
10,BUZĂU,GĂLBINAŞI,46769,1,FINAL,UAT,CL,CL_CE,"2020-09-28 05:03:50",3653,3513,4,97,39,2358,2220,2,97,39,2251,107,3840,1482,112,157,180,173,0,0,0,1356,7,1,137,0,1,381,2,0,377,2,0,0,0,0,0,0,0,0,0,0,0,0,0,0,0,0,0,0,0,0,0,0,0,0,0,0,0,0,0,0,0,0,0,0,0,0,0,0,0,0,0,0,0,0,0,0,0,0,0,0,0,0,0,0,0,0,0,0,0,0,0,0,0,0,0,0,0,0,0,0,0,0,0,0,0,0
10,BUZĂU,GHERĂSENI,46803,1,FINAL,UAT,CL,CL_CE,"2020-09-28 07:40:21",2773,2713,0,41,19,1743,1683,0,41,19,1629,114,3007,1264,81,114,130,122,169,1,0,976,8,0,197,1,1,110,0,1,39,0,0,138,1,0,0,0,0,0,0,0,0,0,0,0,0,0,0,0,0,0,0,0,0,0,0,0,0,0,0,0,0,0,0,0,0,0,0,0,0,0,0,0,0,0,0,0,0,0,0,0,0,0,0,0,0,0,0,0,0,0,0,0,0,0,0,0,0,0,0,0,0,0,0,0,0,0
10,BUZĂU,GHERGHEASA,46830,1,FINAL,UAT,CL,CL_CE,"2020-09-28 04:00:53",1801,1672,0,22,107,1225,1096,0,22,107,1165,60,1963,738,58,81,93,101,0,0,0,990,9,1,0,0,0,52,0,0,123,1,0,0,0,0,0,0,0,0,0,0,0,0,0,0,0,0,0,0,0,0,0,0,0,0,0,0,0,0,0,0,0,0,0,0,0,0,0,0,0,0,0,0,0,0,0,0,0,0,0,0,0,0,0,0,0,0,0,0,0,0,0,0,0,0,0,0,0,0,0,0,0,0,0,0,0,0
10,BUZĂU,"GLODEANU SĂRAT",46867,1,FINAL,UAT,CL,CL_CE,"2020-09-28 07:37:31",3157,3109,0,21,27,2190,2142,0,21,27,2019,171,3570,1380,100,141,161,155,729,4,1,1065,6,1,0,0,0,225,1,0,0,0,0,0,0,0,0,0,0,0,0,0,0,0,0,0,0,0,0,0,0,0,0,0,0,0,0,0,0,0,0,0,0,0,0,0,0,0,0,0,0,0,0,0,0,0,0,0,0,0,0,0,0,0,0,0,0,0,0,0,0,0,0,0,0,0,0,0,0,0,0,0,0,0,0,0,0,0
10,BUZĂU,GLODEANU-SILIŞTEA,46910,1,FINAL,UAT,CL,CL_CE,"2020-09-28 04:58:59",2907,2749,0,134,24,1820,1662,0,134,24,1691,129,3088,1268,84,118,135,121,57,0,0,1388,11,0,0,0,0,196,1,1,50,0,0,0,0,0,0,0,0,0,0,0,0,0,0,0,0,0,0,0,0,0,0,0,0,0,0,0,0,0,0,0,0,0,0,0,0,0,0,0,0,0,0,0,0,0,0,0,0,0,0,0,0,0,0,0,0,0,0,0,0,0,0,0,0,0,0,0,0,0,0,0,0,0,0,0,0,0
10,BUZĂU,GREBĂNU,47006,1,FINAL,UAT,CL,CL_CE,"2020-09-28 06:57:20",4591,4261,1,233,96,2963,2634,0,233,96,2801,162,4736,1773,140,196,224,175,66,0,0,1664,9,1,60,0,0,225,1,0,737,4,0,0,0,0,0,0,0,0,0,0,0,0,0,0,0,0,0,0,0,0,0,0,0,0,0,0,0,0,0,0,0,0,0,0,0,0,49,0,0,0,0,0,0,0,0,0,0,0,0,0,0,0,0,0,0,0,0,0,0,0,0,0,0,0,0,0,0,0,0,0,0,0,0,0,0,0
10,BUZĂU,"GURA TEGHII",47079,2,FINAL,UAT,CL,CL_CE,"2020-10-01 18:46:13",2803,2740,2,18,43,1874,1814,0,18,42,1761,113,3079,1205,88,123,140,126,841,6,1,411,3,0,0,0,0,389,3,0,0,0,0,0,0,0,36,0,0,0,0,0,0,0,0,0,0,0,0,0,0,0,0,0,0,0,0,0,0,0,0,0,0,0,0,0,0,0,0,0,0,84,0,0,0,0,0,0,0,0,0,0,0,0,0,0,0,0,0,0,0,0,0,0,0,0,0,0,0,0,0,0,0,0,0,0,0,0
10,BUZĂU,LARGU,47159,1,FINAL,UAT,CL,CL_CE,"2020-09-28 04:15:11",1257,1242,0,14,1,846,831,0,14,1,795,51,1364,518,39,55,63,82,31,0,0,402,4,1,0,0,0,339,4,0,14,0,0,9,0,0,0,0,0,0,0,0,0,0,0,0,0,0,0,0,0,0,0,0,0,0,0,0,0,0,0,0,0,0,0,0,0,0,0,0,0,0,0,0,0,0,0,0,0,0,0,0,0,0,0,0,0,0,0,0,0,0,0,0,0,0,0,0,0,0,0,0,0,0,0,0,0,0
10,BUZĂU,LOPĂTARI,47186,1,FINAL,UAT,CL,CL_CE,"2020-09-28 06:46:29",2892,2750,2,31,109,1867,1739,0,31,97,1767,99,3183,1317,88,123,141,128,57,0,0,621,4,1,0,0,0,297,2,0,0,0,0,755,5,1,0,0,0,0,0,0,0,0,0,0,0,0,0,0,0,0,0,0,0,0,0,0,0,37,0,0,0,0,0,0,0,0,0,0,0,0,0,0,0,0,0,0,0,0,0,0,0,0,0,0,0,0,0,0,0,0,0,0,0,0,0,0,0,0,0,0,0,0,0,0,0,0
10,BUZĂU,LUCIU,47300,1,FINAL,UAT,CL,CL_CE,"2020-09-28 03:23:42",2199,2193,0,6,0,1205,1199,0,6,0,1135,70,2416,1211,56,79,90,99,0,0,0,1033,10,0,0,0,0,61,0,1,41,0,0,0,0,0,0,0,0,0,0,0,0,0,0,0,0,0,0,0,0,0,0,0,0,0,0,0,0,0,0,0,0,0,0,0,0,0,0,0,0,0,0,0,0,0,0,0,0,0,0,0,0,0,0,0,0,0,0,0,0,0,0,0,0,0,0,0,0,0,0,0,0,0,0,0,0,0
10,BUZĂU,MĂGURA,47337,1,FINAL,UAT,CL,CL_CE,"2020-09-28 05:23:16",1720,1651,0,13,56,1237,1168,0,13,56,1187,50,1878,641,59,83,94,108,69,0,1,985,9,0,0,0,0,96,0,1,37,0,0,0,0,0,0,0,0,0,0,0,0,0,0,0,0,0,0,0,0,0,0,0,0,0,0,0,0,0,0,0,0,0,0,0,0,0,0,0,0,0,0,0,0,0,0,0,0,0,0,0,0,0,0,0,0,0,0,0,0,0,0,0,0,0,0,0,0,0,0,0,0,0,0,0,0,0
10,BUZĂU,MÂNZĂLEŞTI,47630,1,FINAL,UAT,CL,CL_CE,"2020-09-28 04:09:35",1874,1795,2,35,42,1203,1126,0,35,42,1122,81,2028,825,56,78,89,95,70,0,1,740,7,1,0,0,0,111,1,0,133,1,0,68,0,0,0,0,0,0,0,0,0,0,0,0,0,0,0,0,0,0,0,0,0,0,0,0,0,0,0,0,0,0,0,0,0,0,0,0,0,0,0,0,0,0,0,0,0,0,0,0,0,0,0,0,0,0,0,0,0,0,0,0,0,0,0,0,0,0,0,0,0,0,0,0,0,0
10,BUZĂU,MĂRĂCINENI,47373,1,FINAL,UAT,CL,CL_CE,"2020-09-28 09:20:25",7373,7318,5,39,11,3772,3722,0,39,11,3621,151,8132,4360,181,253,289,217,167,0,0,2651,12,0,55,0,0,320,1,1,128,0,0,0,0,0,284,1,0,0,0,0,0,0,0,0,0,0,0,0,0,0,0,0,0,0,0,0,0,16,0,0,0,0,0,0,0,0,0,0,0,0,0,0,0,0,0,0,0,0,0,0,0,0,0,0,0,0,0,0,0,0,0,0,0,0,0,0,0,0,0,0,0,0,0,0,0,0
10,BUZĂU,MĂRGĂRITEŞTI,47417,1,FINAL,UAT,CL,CL_CE,"2020-09-28 06:25:50",546,505,0,7,34,407,366,0,7,34,375,32,556,149,18,26,30,37,104,2,1,230,6,0,13,0,0,16,0,0,12,0,0,0,0,0,0,0,0,0,0,0,0,0,0,0,0,0,0,0,0,0,0,0,0,0,0,0,0,0,0,0,0,0,0,0,0,0,0,0,0,0,0,0,0,0,0,0,0,0,0,0,0,0,0,0,0,0,0,0,0,0,0,0,0,0,0,0,0,0,0,0,0,0,0,0,0,0
10,BUZĂU,MEREI,47453,1,FINAL,UAT,CL,CL_CE,"2020-09-28 09:39:10",5581,5432,4,111,34,3061,2916,0,111,34,2926,135,6092,3031,146,204,234,177,248,1,0,1657,9,0,470,2,1,286,1,1,96,0,0,60,0,0,109,0,0,0,0,0,0,0,0,0,0,0,0,0,0,0,0,0,0,0,0,0,0,0,0,0,0,0,0,0,0,0,0,0,0,0,0,0,0,0,0,0,0,0,0,0,0,0,0,0,0,0,0,0,0,0,0,0,0,0,0,0,0,0,0,0,0,0,0,0,0,0
10,BUZĂU,MIHĂILEŞTI,47578,1,FINAL,UAT,CL,CL_CE,"2020-09-28 08:18:39",1643,1540,0,41,62,1186,1083,0,41,62,1077,109,1764,578,53,75,86,97,308,3,0,635,6,1,0,0,0,134,1,0,0,0,0,0,0,0,0,0,0,0,0,0,0,0,0,0,0,0,0,0,0,0,0,0,0,0,0,0,0,0,0,0,0,0,0,0,0,0,0,0,0,0,0,0,0,0,0,0,0,0,0,0,0,0,0,0,0,0,0,0,0,0,0,0,0,0,0,0,0,0,0,0,0,0,0,0,0,0
10,BUZĂU,"MOVILA BANULUI",47774,1,FINAL,UAT,CL,CL_CE,"2020-09-28 04:12:29",2008,1914,2,25,67,1334,1242,0,25,67,1222,111,2207,874,61,85,97,107,0,0,0,855,7,1,0,0,0,325,3,0,42,0,0,0,0,0,0,0,0,0,0,0,0,0,0,0,0,0,0,0,0,0,0,0,0,0,0,0,0,0,0,0,0,0,0,0,0,0,0,0,0,0,0,0,0,0,0,0,0,0,0,0,0,0,0,0,0,0,0,0,0,0,0,0,0,0,0,0,0,0,0,0,0,0,0,0,0,0
10,BUZĂU,"MUNICIPIUL BUZĂU",44818,1,FINAL,UAT,CL,CL_CE,"2020-09-28 14:57:13",107229,106448,71,656,54,38906,38197,0,656,53,37570,1330,120195,81238,1878,2629,3005,1452,2433,1,1,23087,15,1,1793,0,0,5204,3,0,1179,0,0,2673,1,1,550,0,0,0,0,0,0,0,0,0,0,0,0,0,0,344,0,0,0,0,0,0,0,307,0,0,0,0,0,0,0,0,0,0,0,0,0,0,0,0,0,0,0,0,0,0,0,0,0,0,0,0,0,0,0,0,0,0,0,0,0,0,0,0,0,0,0,0,0,0,0,0
10,BUZĂU,"MUNICIPIUL RÂMNICU SĂRAT",44845,1,FINAL,UAT,CL,CL_CE,"2020-09-28 14:29:44",31920,31630,20,237,33,13831,13561,0,237,33,13248,537,35529,21706,662,927,1059,605,1376,2,0,0,0,0,297,0,0,3666,6,0,0,0,0,455,0,0,0,0,0,0,0,0,0,0,0,0,0,0,0,0,0,148,0,0,0,0,0,0,0,0,0,0,0,0,0,0,0,0,95,0,0,0,0,0,6463,10,1,343,0,0,405,0,0,0,0,0,0,0,0,0,0,0,0,0,0,0,0,0,0,0,0,0,0,0,0,0,0,0
10,BUZĂU,MURGEŞTI,47818,1,FINAL,UAT,CL,CL_CE,"2020-09-28 10:14:26",754,725,0,19,10,575,546,0,19,10,526,49,800,225,26,36,42,56,122,2,0,305,5,1,0,0,0,22,0,0,77,1,0,0,0,0,0,0,0,0,0,0,0,0,0,0,0,0,0,0,0,0,0,0,0,0,0,0,0,0,0,0,0,0,0,0,0,0,0,0,0,0,0,0,0,0,0,0,0,0,0,0,0,0,0,0,0,0,0,0,0,0,0,0,0,0,0,0,0,0,0,0,0,0,0,0,0,0
10,BUZĂU,NĂENI,47854,1,FINAL,UAT,CL,CL_CE,"2020-09-28 04:30:27",1436,1269,4,136,27,1107,944,0,136,27,984,113,1419,313,49,68,78,0,367,4,0,350,3,1,52,0,1,121,1,0,94,1,0,0,0,0,0,0,0,0,0,0,0,0,0,0,0,0,0,0,0,0,0,0,0,0,0,0,0,0,0,0,0,0,0,0,0,0,0,0,0,0,0,0,0,0,0,0,0,0,0,0,0,0,0,0,0,0,0,0,0,0,0,0,0,0,0,0,0,0,0,0,0,0,0,0,0,0
10,BUZĂU,ODĂILE,48021,1,FINAL,UAT,CL,CL_CE,"2020-09-28 04:33:57",615,586,0,14,15,419,390,0,14,15,395,24,660,241,19,27,31,43,0,0,0,264,6,0,7,0,0,43,1,0,81,1,1,0,0,0,0,0,0,0,0,0,0,0,0,0,0,0,0,0,0,0,0,0,0,0,0,0,0,0,0,0,0,0,0,0,0,0,0,0,0,0,0,0,0,0,0,0,0,0,0,0,0,0,0,0,0,0,0,0,0,0,0,0,0,0,0,0,0,0,0,0,0,0,0,0,0,0
10,BUZĂU,"ORAŞ NEHOIU",47916,1,FINAL,UAT,CL,CL_CE,"2020-09-28 06:37:15",8583,8254,5,143,181,6110,5783,3,143,181,5861,249,9816,3705,293,410,468,321,489,1,0,3079,9,1,71,0,0,1505,4,1,96,0,0,0,0,0,0,0,0,0,0,0,0,0,0,228,0,0,0,0,0,0,0,0,0,0,0,0,0,0,0,0,0,0,0,0,0,0,0,0,0,0,0,0,0,0,0,0,0,0,0,0,0,393,1,0,0,0,0,0,0,0,0,0,0,0,0,0,0,0,0,0,0,0,0,0,0,0
10,BUZĂU,"ORAŞ PĂTÂRLAGELE",48325,1,FINAL,UAT,CL,CL_CE,"2020-09-28 07:38:31",6279,6197,6,73,3,3584,3508,0,73,3,3370,209,6864,3285,168,235,269,224,238,1,0,1808,8,0,0,0,0,294,1,0,211,0,1,0,0,0,0,0,0,0,0,0,0,0,0,0,0,0,0,0,0,0,0,0,0,0,0,0,0,0,0,0,0,0,0,0,0,0,0,0,0,0,0,0,0,0,0,0,0,0,0,0,0,0,0,0,819,3,1,0,0,0,0,0,0,0,0,0,0,0,0,0,0,0,0,0,0,0
10,BUZĂU,"ORAŞ POGOANELE",48744,1,FINAL,UAT,CL,CL_CE,"2020-09-28 13:36:42",5911,5616,1,76,218,3840,3546,0,76,218,3574,266,6433,2593,178,250,285,238,230,0,1,1593,6,1,295,1,0,716,3,0,740,3,0,0,0,0,0,0,0,0,0,0,0,0,0,0,0,0,0,0,0,0,0,0,0,0,0,0,0,0,0,0,0,0,0,0,0,0,0,0,0,0,0,0,0,0,0,0,0,0,0,0,0,0,0,0,0,0,0,0,0,0,0,0,0,0,0,0,0,0,0,0,0,0,0,0,0,0
10,BUZĂU,PADINA,48138,1,FINAL,UAT,CL,CL_CE,"2020-09-28 07:26:36",3142,3114,1,27,0,1415,1387,1,27,0,1269,144,3456,2043,63,88,101,97,168,1,1,381,3,1,0,0,0,622,6,0,0,0,0,98,1,0,0,0,0,0,0,0,0,0,0,0,0,0,0,0,0,0,0,0,0,0,0,0,0,0,0,0,0,0,0,0,0,0,0,0,0,0,0,0,0,0,0,0,0,0,0,0,0,0,0,0,0,0,0,0,0,0,0,0,0,0,0,0,0,0,0,0,0,0,0,0,0,0
10,BUZĂU,PĂNĂTĂU,48227,1,FINAL,UAT,CL,CL_CE,"2020-09-28 02:40:15",1919,1910,0,9,0,1024,1015,0,9,0,967,57,2108,1084,48,67,77,87,81,0,1,809,9,0,0,0,0,77,0,1,0,0,0,0,0,0,0,0,0,0,0,0,0,0,0,0,0,0,0,0,0,0,0,0,0,0,0,0,0,0,0,0,0,0,0,0,0,0,0,0,0,0,0,0,0,0,0,0,0,0,0,0,0,0,0,0,0,0,0,0,0,0,0,0,0,0,0,0,0,0,0,0,0,0,0,0,0,0
10,BUZĂU,PARDOŞI,48165,1,FINAL,UAT,CL,CL_CE,"2020-09-28 04:08:32",353,303,0,38,12,301,251,0,38,12,294,7,341,40,14,20,23,14,0,0,0,137,4,0,0,0,0,151,4,1,6,0,0,0,0,0,0,0,0,0,0,0,0,0,0,0,0,0,0,0,0,0,0,0,0,0,0,0,0,0,0,0,0,0,0,0,0,0,0,0,0,0,0,0,0,0,0,0,0,0,0,0,0,0,0,0,0,0,0,0,0,0,0,0,0,0,0,0,0,0,0,0,0,0,0,0,0,0
10,BUZĂU,PÂRSCOV,48557,1,FINAL,UAT,CL,CL_CE,"2020-09-28 07:36:33",4594,4445,1,124,24,2403,2256,0,124,23,2238,161,4954,2551,111,156,179,128,83,0,0,910,7,0,539,4,0,479,3,1,87,0,0,140,0,0,0,0,0,0,0,0,0,0,0,0,0,0,0,0,0,0,0,0,0,0,0,0,0,0,0,0,0,0,0,0,0,0,0,0,0,0,0,0,0,0,0,0,0,0,0,0,0,0,0,0,0,0,0,0,0,0,0,0,0,0,0,0,0,0,0,0,0,0,0,0,0,0
10,BUZĂU,PIETROASELE,48487,1,FINAL,UAT,CL,CL_CE,"2020-09-28 12:45:47",2730,2671,3,16,40,1402,1344,2,16,40,1347,55,2941,1538,67,94,107,103,424,4,0,726,7,0,0,0,0,197,2,0,0,0,0,0,0,0,0,0,0,0,0,0,0,0,0,0,0,0,0,0,0,0,0,0,0,0,0,0,0,0,0,0,0,0,0,0,0,0,0,0,0,0,0,0,0,0,0,0,0,0,0,0,0,0,0,0,0,0,0,0,0,0,0,0,0,0,0,0,0,0,0,0,0,0,0,0,0,0
10,BUZĂU,PODGORIA,48682,1,FINAL,UAT,CL,CL_CE,"2020-09-28 06:19:30",2587,2506,0,29,52,1402,1321,0,29,52,1322,76,2810,1412,66,92,105,101,60,0,0,1055,10,1,0,0,0,163,1,1,44,0,0,0,0,0,0,0,0,0,0,0,0,0,0,0,0,0,0,0,0,0,0,0,0,0,0,0,0,0,0,0,0,0,0,0,0,0,0,0,0,0,0,0,0,0,0,0,0,0,0,0,0,0,0,0,0,0,0,0,0,0,0,0,0,0,0,0,0,0,0,0,0,0,0,0,0,0
10,BUZĂU,"POŞTA CÂLNĂU",48771,1,FINAL,UAT,CL,CL_CE,"2020-09-28 06:02:56",5009,4883,7,38,81,2844,2724,2,38,80,2698,146,5497,2653,134,188,215,174,269,1,0,1555,8,1,135,0,1,325,1,1,334,1,1,80,0,0,0,0,0,0,0,0,0,0,0,0,0,0,0,0,0,0,0,0,0,0,0,0,0,0,0,0,0,0,0,0,0,0,0,0,0,0,0,0,0,0,0,0,0,0,0,0,0,0,0,0,0,0,0,0,0,0,0,0,0,0,0,0,0,0,0,0,0,0,0,0,0,0
10,BUZĂU,PUIEŞTI,48842,1,FINAL,UAT,CL,CL_CE,"2020-09-28 05:30:16",2937,2893,2,33,9,1569,1527,0,33,9,1414,153,3224,1657,70,98,113,104,125,1,0,207,1,1,86,0,1,410,3,1,534,5,0,0,0,0,52,0,0,0,0,0,0,0,0,0,0,0,0,0,0,0,0,0,0,0,0,0,0,0,0,0,0,0,0,0,0,0,0,0,0,0,0,0,0,0,0,0,0,0,0,0,0,0,0,0,0,0,0,0,0,0,0,0,0,0,0,0,0,0,0,0,0,0,0,0,0,0
10,BUZĂU,RACOVIŢENI,48922,1,FINAL,UAT,CL,CL_CE,"2020-09-28 04:05:08",1056,1015,1,27,13,752,711,1,27,13,677,75,1136,384,33,47,54,70,144,2,0,347,4,1,73,1,0,27,0,0,67,0,1,0,0,0,0,0,0,0,0,0,0,0,0,0,0,0,0,0,0,0,0,0,0,0,0,0,0,0,0,0,0,0,0,0,0,0,0,0,0,0,0,0,0,0,0,0,0,0,0,0,0,0,0,0,0,0,0,19,0,0,0,0,0,0,0,0,0,0,0,0,0,0,0,0,0,0
10,BUZĂU,RÂMNICELU,48968,1,FINAL,UAT,CL,CL_CE,"2020-09-28 09:56:49",3570,3451,1,118,0,2444,2325,1,118,0,2282,162,3790,1346,114,159,182,152,720,4,1,805,5,1,44,0,0,617,4,0,96,0,0,0,0,0,0,0,0,0,0,0,0,0,0,0,0,0,0,0,0,0,0,0,0,0,0,0,0,0,0,0,0,0,0,0,0,0,0,0,0,0,0,0,0,0,0,0,0,0,0,0,0,0,0,0,0,0,0,0,0,0,0,0,0,0,0,0,0,0,0,0,0,0,0,0,0,0
10,BUZĂU,ROBEASCA,49019,1,FINAL,UAT,CL,CL_CE,"2020-09-28 04:31:01",844,769,0,10,65,476,401,0,10,65,437,39,921,445,21,30,34,46,60,1,0,320,6,1,39,0,1,18,0,0,0,0,0,0,0,0,0,0,0,0,0,0,0,0,0,0,0,0,0,0,0,0,0,0,0,0,0,0,0,0,0,0,0,0,0,0,0,0,0,0,0,0,0,0,0,0,0,0,0,0,0,0,0,0,0,0,0,0,0,0,0,0,0,0,0,0,0,0,0,0,0,0,0,0,0,0,0,0
10,BUZĂU,RUŞEŢU,49046,1,FINAL,UAT,CL,CL_CE,"2020-09-28 07:09:53",3027,2986,1,32,8,2011,1970,1,32,8,1890,121,3294,1283,94,132,151,131,118,0,1,765,5,1,105,0,1,573,4,0,72,0,0,54,0,0,0,0,0,0,0,0,0,0,0,0,0,0,0,0,0,0,0,0,0,0,0,0,0,0,0,0,0,0,0,0,0,0,0,0,0,0,0,0,0,0,0,0,0,0,0,0,0,0,0,0,0,0,0,0,0,0,50,0,0,153,1,0,0,0,0,0,0,0,0,0,0,0
10,BUZĂU,SĂGEATA,49073,1,FINAL,UAT,CL,CL_CE,"2020-09-28 07:08:09",3775,3560,1,31,183,2544,2330,0,31,183,2356,187,4137,1594,117,164,188,162,71,0,0,1687,10,0,45,0,0,240,1,1,179,1,0,134,0,0,0,0,0,0,0,0,0,0,0,0,0,0,0,0,0,0,0,0,0,0,0,0,0,0,0,0,0,0,0,0,0,0,0,0,0,0,0,0,0,0,0,0,0,0,0,0,0,0,0,0,0,0,0,0,0,0,0,0,0,0,0,0,0,0,0,0,0,0,0,0,0,0
10,BUZĂU,SĂHĂTENI,49153,1,FINAL,UAT,CL,CL_CE,"2020-09-28 06:41:10",2709,2606,2,41,60,1719,1618,0,41,60,1655,64,2899,1180,82,115,132,122,525,4,0,970,7,1,0,0,0,66,0,0,94,0,1,0,0,0,0,0,0,0,0,0,0,0,0,0,0,0,0,0,0,0,0,0,0,0,0,0,0,0,0,0,0,0,0,0,0,0,0,0,0,0,0,0,0,0,0,0,0,0,0,0,0,0,0,0,0,0,0,0,0,0,0,0,0,0,0,0,0,0,0,0,0,0,0,0,0,0
10,BUZĂU,SĂPOCA,49206,1,FINAL,UAT,CL,CL_CE,"2020-09-28 07:16:21",2874,2810,0,35,29,1677,1617,0,35,25,1606,71,3130,1453,80,112,128,118,94,0,1,828,7,0,63,0,0,508,4,0,113,0,1,0,0,0,0,0,0,0,0,0,0,0,0,0,0,0,0,0,0,0,0,0,0,0,0,0,0,0,0,0,0,0,0,0,0,0,0,0,0,0,0,0,0,0,0,0,0,0,0,0,0,0,0,0,0,0,0,0,0,0,0,0,0,0,0,0,0,0,0,0,0,0,0,0,0,0
10,BUZĂU,SĂRULEŞTI,49233,1,FINAL,UAT,CL,CL_CE,"2020-09-28 02:24:37",1060,1059,0,1,0,580,579,0,1,0,527,53,1169,589,26,36,42,58,31,0,1,422,7,0,0,0,0,74,1,0,0,0,0,0,0,0,0,0,0,0,0,0,0,0,0,0,0,0,0,0,0,0,0,0,0,0,0,0,0,0,0,0,0,0,0,0,0,0,0,0,0,0,0,0,0,0,0,0,0,0,0,0,0,0,0,0,0,0,0,0,0,0,0,0,0,0,0,0,0,0,0,0,0,0,0,0,0,0
10,BUZĂU,SCORŢOASA,49313,1,FINAL,UAT,CL,CL_CE,"2020-09-28 07:59:10",2076,2005,0,49,22,1314,1243,0,49,22,1240,74,2280,966,62,86,99,107,537,5,0,421,3,1,0,0,0,61,0,0,91,0,1,130,1,0,0,0,0,0,0,0,0,0,0,0,0,0,0,0,0,0,0,0,0,0,0,0,0,0,0,0,0,0,0,0,0,0,0,0,0,0,0,0,0,0,0,0,0,0,0,0,0,0,0,0,0,0,0,0,0,0,0,0,0,0,0,0,0,0,0,0,0,0,0,0,0,0
10,BUZĂU,SCUTELNICI,49439,1,FINAL,UAT,CL,CL_CE,"2020-09-28 12:46:33",2024,1670,0,265,89,1541,1187,0,265,89,1446,93,1885,346,72,101,115,131,0,0,0,598,4,0,119,0,1,729,5,1,0,0,0,0,0,0,0,0,0,0,0,0,0,0,0,0,0,0,0,0,0,0,0,0,0,0,0,0,0,0,0,0,0,0,0,0,0,0,0,0,0,0,0,0,0,0,0,0,0,0,0,0,0,0,0,0,0,0,0,0,0,0,0,0,0,0,0,0,0,0,0,0,0,0,0,0,0,0
10,BUZĂU,SIRIU,49484,1,FINAL,UAT,CL,CL_CE,"2020-09-28 06:47:02",2572,2516,3,23,30,1772,1719,0,23,30,1681,91,2793,1021,84,117,134,113,166,1,0,1016,8,1,26,0,0,296,2,1,0,0,0,115,0,0,0,0,0,0,0,0,0,0,0,0,0,0,0,0,0,0,0,0,0,0,0,0,0,0,0,0,0,0,0,0,0,0,0,0,0,0,0,0,0,0,0,35,0,0,0,0,0,0,0,0,0,0,0,0,0,0,0,0,0,0,0,0,0,27,0,0,0,0,0,0,0,0
10,BUZĂU,SMEENI,49545,1,FINAL,UAT,CL,CL_CE,"2020-09-28 04:59:33",5100,5061,1,34,4,2501,2463,0,34,4,2328,169,5822,3322,116,162,186,139,135,0,1,1728,12,0,33,0,0,223,1,1,99,0,0,110,0,0,0,0,0,0,0,0,0,0,0,0,0,0,0,0,0,0,0,0,0,0,0,0,0,0,0,0,0,0,0,0,0,0,0,0,0,0,0,0,0,0,0,0,0,0,0,0,0,0,0,0,0,0,0,0,0,0,0,0,0,0,0,0,0,0,0,0,0,0,0,0,0,0
10,BUZĂU,STÂLPU,49625,1,FINAL,UAT,CL,CL_CE,"2020-09-28 04:18:50",2580,2543,0,14,23,1575,1538,0,14,23,1519,56,2834,1259,75,106,121,114,37,0,0,1183,10,0,0,0,0,195,1,1,104,0,1,0,0,0,0,0,0,0,0,0,0,0,0,0,0,0,0,0,0,0,0,0,0,0,0,0,0,0,0,0,0,0,0,0,0,0,0,0,0,0,0,0,0,0,0,0,0,0,0,0,0,0,0,0,0,0,0,0,0,0,0,0,0,0,0,0,0,0,0,0,0,0,0,0,0,0
10,BUZĂU,ŢINTEŞTI,49849,1,FINAL,UAT,CL,CL_CE,"2020-09-28 06:49:45",3650,3620,1,29,0,2327,2298,0,29,0,2199,128,4014,1687,109,153,175,153,76,0,0,1234,8,0,0,0,0,763,4,1,0,0,0,126,0,0,0,0,0,0,0,0,0,0,0,0,0,0,0,0,0,0,0,0,0,0,0,0,0,0,0,0,0,0,0,0,0,0,0,0,0,0,0,0,0,0,0,0,0,0,0,0,0,0,0,0,0,0,0,0,0,0,0,0,0,0,0,0,0,0,0,0,0,0,0,0,0,0
10,BUZĂU,TISĂU,49643,1,FINAL,UAT,CL,CL_CE,"2020-09-28 04:08:36",3747,3663,1,81,2,2142,2058,1,81,2,2009,133,4105,1963,100,140,160,145,209,1,0,303,2,0,147,1,0,1088,7,1,149,1,0,113,0,0,0,0,0,0,0,0,0,0,0,0,0,0,0,0,0,0,0,0,0,0,0,0,0,0,0,0,0,0,0,0,0,0,0,0,0,0,0,0,0,0,0,0,0,0,0,0,0,0,0,0,0,0,0,0,0,0,0,0,0,0,0,0,0,0,0,0,0,0,0,0,0,0
10,BUZĂU,TOPLICENI,49769,1,FINAL,UAT,CL,CL_CE,"2020-09-28 07:25:55",3188,3077,2,74,35,2147,2037,1,74,35,2002,144,3927,1781,100,140,160,152,376,2,0,890,5,1,119,0,1,334,2,0,259,1,1,0,0,0,0,0,0,0,0,0,0,0,0,24,0,0,0,0,0,0,0,0,0,0,0,0,0,0,0,0,0,0,0,0,0,0,0,0,0,0,0,0,0,0,0,0,0,0,0,0,0,0,0,0,0,0,0,0,0,0,0,0,0,0,0,0,0,0,0,0,0,0,0,0,0,0
10,BUZĂU,ULMENI,49894,1,FINAL,UAT,CL,CL_CE,"2020-09-28 05:52:59",2583,2451,3,31,98,1531,1401,1,31,98,1424,107,2802,1271,71,99,113,109,107,0,1,868,7,1,0,0,0,244,2,0,205,1,1,0,0,0,0,0,0,0,0,0,0,0,0,0,0,0,0,0,0,0,0,0,0,0,0,0,0,0,0,0,0,0,0,0,0,0,0,0,0,0,0,0,0,0,0,0,0,0,0,0,0,0,0,0,0,0,0,0,0,0,0,0,0,0,0,0,0,0,0,0,0,0,0,0,0,0
10,BUZĂU,UNGURIU,50549,1,FINAL,UAT,CL,CL_CE,"2020-09-28 01:48:38",1883,1866,0,14,3,987,970,0,14,3,932,55,2065,1078,46,65,74,84,109,1,0,599,7,0,50,0,1,95,1,0,79,0,1,0,0,0,0,0,0,0,0,0,0,0,0,0,0,0,0,0,0,0,0,0,0,0,0,0,0,0,0,0,0,0,0,0,0,0,0,0,0,0,0,0,0,0,0,0,0,0,0,0,0,0,0,0,0,0,0,0,0,0,0,0,0,0,0,0,0,0,0,0,0,0,0,0,0,0
10,BUZĂU,"VADU PAŞII",49956,1,FINAL,UAT,CL,CL_CE,"2020-09-28 07:43:24",7571,7440,2,72,57,5335,5206,0,72,57,5089,246,8885,3550,254,356,407,322,62,0,0,2054,6,1,74,0,0,2507,7,1,120,0,0,0,0,0,0,0,0,0,0,0,0,0,0,0,0,0,0,0,0,0,0,0,0,0,0,0,0,0,0,0,0,0,0,0,0,0,0,0,0,0,0,0,0,0,0,0,0,0,0,0,0,0,0,0,0,0,0,0,0,0,0,0,0,0,0,0,0,0,0,0,272,0,0,0,0,0
10,BUZĂU,VÂLCELELE,50399,1,FINAL,UAT,CL,CL_CE,"2020-09-28 11:54:39",1343,1131,0,180,32,1107,895,0,180,32,1023,44,1239,172,51,71,81,111,85,0,1,568,5,0,20,0,0,0,0,0,350,3,0,0,0,0,0,0,0,0,0,0,0,0,0,0,0,0,0,0,0,0,0,0,0,0,0,0,0,0,0,0,0,0,0,0,0,0,0,0,0,0,0,0,0,0,0,0,0,0,0,0,0,0,0,0,0,0,0,0,0,0,0,0,0,0,0,0,0,0,0,0,0,0,0,0,0,0
10,BUZĂU,"VALEA RÂMNICULUI",50022,1,FINAL,UAT,CL,CL_CE,"2020-09-28 13:49:08",4635,4529,4,42,60,2612,2510,0,42,60,2531,81,5087,2475,126,177,202,159,72,0,0,1742,10,1,23,0,0,484,3,0,167,1,0,0,0,0,0,0,0,0,0,0,0,0,0,43,0,0,0,0,0,0,0,0,0,0,0,0,0,0,0,0,0,0,0,0,0,0,0,0,0,0,0,0,0,0,0,0,0,0,0,0,0,0,0,0,0,0,0,0,0,0,0,0,0,0,0,0,0,0,0,0,0,0,0,0,0,0
10,BUZĂU,"VALEA SALCIEI",50068,1,FINAL,UAT,CL,CL_CE,"2020-09-28 20:23:48",561,517,0,1,43,375,331,0,1,43,356,19,621,246,17,24,28,38,33,0,1,161,4,0,0,0,0,155,4,0,7,0,0,0,0,0,0,0,0,0,0,0,0,0,0,0,0,0,0,0,0,0,0,0,0,0,0,0,0,0,0,0,0,0,0,0,0,0,0,0,0,0,0,0,0,0,0,0,0,0,0,0,0,0,0,0,0,0,0,0,0,0,0,0,0,0,0,0,0,0,0,0,0,0,0,0,0,0
10,BUZĂU,VERNEŞTI,50102,1,FINAL,UAT,CL,CL_CE,"2020-09-28 06:19:38",7496,7426,8,59,3,3387,3325,0,59,3,3165,222,8237,4850,158,221,253,187,1054,5,1,1130,6,0,72,0,0,430,2,0,193,1,0,157,0,0,0,0,0,0,0,0,0,0,0,0,0,0,0,0,0,0,0,0,0,0,0,0,0,0,0,0,0,0,0,0,0,0,129,0,0,0,0,0,0,0,0,0,0,0,0,0,0,0,0,0,0,0,0,0,0,0,0,0,0,0,0,0,0,0,0,0,0,0,0,0,0,0
10,BUZĂU,"VINTILĂ VODĂ",50228,1,FINAL,UAT,CL,CL_CE,"2020-09-28 06:22:40",2393,2330,1,22,40,1351,1289,0,22,40,1260,91,2621,1270,63,88,100,109,126,1,0,827,7,1,0,0,0,52,0,0,255,2,0,0,0,0,0,0,0,0,0,0,0,0,0,0,0,0,0,0,0,0,0,0,0,0,0,0,0,0,0,0,0,0,0,0,0,0,0,0,0,0,0,0,0,0,0,0,0,0,0,0,0,0,0,0,0,0,0,0,0,0,0,0,0,0,0,0,0,0,0,0,0,0,0,0,0,0
10,BUZĂU,VIPEREŞTI,50326,1,FINAL,UAT,CL,CL_CE,"2020-09-28 06:57:51",2614,2529,0,33,52,1660,1576,0,33,51,1504,156,2864,1204,75,105,120,115,443,3,1,597,5,0,226,1,1,131,1,0,107,0,1,0,0,0,0,0,0,0,0,0,0,0,0,0,0,0,0,0,0,0,0,0,0,0,0,0,0,0,0,0,0,0,0,0,0,0,0,0,0,0,0,0,0,0,0,0,0,0,0,0,0,0,0,0,0,0,0,0,0,0,0,0,0,0,0,0,0,0,0,0,0,0,0,0,0,0
10,BUZĂU,ZĂRNEŞTI,50415,1,FINAL,UAT,CL,CL_CE,"2020-09-28 13:21:14",4137,3981,4,81,71,2674,2522,0,81,71,2478,196,4431,1757,123,173,198,184,589,3,0,1134,6,0,0,0,0,504,2,1,176,0,1,0,0,0,0,0,0,0,0,0,0,0,0,75,0,0,0,0,0,0,0,0,0,0,0,0,0,0,0,0,0,0,0,0,0,0,0,0,0,0,0,0,0,0,0,0,0,0,0,0,0,0,0,0,0,0,0,0,0,0,0,0,0,0,0,0,0,0,0,0,0,0,0,0,0,0
10,BUZĂU,ZIDURI,50479,1,FINAL,UAT,CL,CL_CE,"2020-09-28 14:35:02",3460,3366,0,52,42,2298,2204,0,52,42,2150,113,3752,1444,107,150,172,153,135,0,1,954,6,0,0,0,0,75,0,0,907,5,1,0,0,0,0,0,0,0,0,0,0,0,0,0,0,0,0,0,0,0,0,0,0,0,0,0,0,0,0,0,0,0,0,0,0,0,0,0,0,0,0,0,0,0,0,0,0,0,0,0,0,0,0,0,0,0,0,0,0,0,0,0,0,0,0,0,0,0,0,0,0,0,0,79,0,0
